{
  "project_info": {
    "project_number": "151975888843",
    "project_id": "login-64f25",
    "storage_bucket": "login-64f25.appspot.com"
  },
  "client": [
    {
      "client_info": {
        "mobilesdk_app_id": "1:151975888843:android:5121a75b39c8d93355984e",
        "android_client_info": {
          "package_name": "com.example.buss"
        }
      },
      "oauth_client": [
        {
          "client_id": "151975888843-6k6isldssvnv3pac0lqca68024hv2jsq.apps.googleusercontent.com",
          "client_type": 3
        }
      ],
      "api_key": [
        {
          "current_key": "AIzaSyAtrhLy2sgbDICzdznGkwzTOWIcKNhhZI0"
        }
      ],
      "services": {
        "appinvite_service": {
          "other_platform_oauth_client": [
            {
              "client_id": "151975888843-6k6isldssvnv3pac0lqca68024hv2jsq.apps.googleusercontent.com",
              "client_type": 3
            }
          ]
        }
      }
    }
  ],
  "configuration_version": "1"
}